{
  "val_mse": 0.03321503475308418,
  "val_mae": 0.14496023952960968,
  "epochs": 60
}